lat,lon,Ax,Ay,Gz
18:33:55,0,0,0,0,0,0,0,0
18:33:55,0,0,0,0,0,0,0,0
18:33:55,0,0,0,0,0,0,0,0
18:33:55,0,0,0,0,0,0,0,0
18:33:56,0,0,0,0,0,0,0,0
18:33:56,0,0,0,0,0,0,0,0
18:33:56,0,0,0,0,0,0,0,0
18:33:56,0,0,0,0,0,0,0,0
18:33:56,0,0,0,0,0,0,0,0
18:33:56,0,0,0,0,0,0,0,0
18:33:56,0,0,0,0,0,0,0,0
18:33:56,0,0,0,0,0,0,0,0
18:33:56,0,0,0,0,0,0,0,0
18:33:56,0,0,0,0,0,0,0,0
18:33:57,0,0,0,0,0,0,0,0
18:33:57,21.039611166666667,105.782851,0,0,0,0,0,0
18:33:57,21.039611166666667,105.782851,0,0,0,0,0,0
18:33:57,21.039611166666667,105.782851,0,0,0,0,0,0
18:33:57,21.039611166666667,105.782851,0,0,0,0,0,0
18:33:57,21.039611166666667,105.782851,0,0,0,0,0,0
18:33:57,21.039611166666667,105.782851,0,0,0,0,0,0
18:33:57,21.039611166666667,105.782851,0,0,0,0,0,0
18:33:57,21.039611166666667,105.782851,0,0,0,0,0,0
18:33:57,21.039611166666667,105.782851,0,0,0,0,0,0
18:33:58,21.039611166666667,105.782851,0,0,0,0,0,0
18:33:58,21.039606833333334,105.78286516666667,0,0,0,0,0,0
18:33:58,21.039606833333334,105.78286516666667,0,0,0,0,0,0
18:33:58,21.039606833333334,105.78286516666667,0,0,0,0,0,0
18:33:58,21.039606833333334,105.78286516666667,0,0,0,0,0,0
18:33:58,21.039606833333334,105.78286516666667,0,0,0,0,0,0
18:33:58,21.039606833333334,105.78286516666667,0,0,0,0,0,0
18:33:58,21.039606833333334,105.78286516666667,0,0,0,0,0,0
18:33:58,21.039606833333334,105.78286516666667,0,0,0,0,0,0
18:33:58,21.039606833333334,105.78286516666667,0,0,0,0,0,0
18:33:59,21.0396085,105.78287116666667,0,0,0,0,0,0
18:33:59,21.0396085,105.78287116666667,0,0,0,0,0,0
18:33:59,21.0396085,105.78287116666667,0,0,0,0,0,0
18:33:59,21.0396085,105.78287116666667,0,0,0,0,0,0
18:33:59,21.0396085,105.78287116666667,0,0,0,0,0,0
18:33:59,21.0396085,105.78287116666667,0,0,0,0,0,0
18:33:59,21.0396085,105.78287116666667,0,0,0,0,0,0
18:33:59,21.0396085,105.78287116666667,0,0,0,0,0,0
18:33:59,21.0396085,105.78287116666667,0,0,0,0,0,0
18:33:59,21.0396085,105.78287116666667,0,0,0,0,0,0
18:34:00,21.039609166666665,105.78287733333333,0,0,0,0,0,0
18:34:00,21.039609166666665,105.78287733333333,0,0,0,0,0,0
18:34:00,21.039609166666665,105.78287733333333,0,0,0,0,0,0
18:34:00,21.039609166666665,105.78287733333333,0,0,0,0,0,0
18:34:00,21.039609166666665,105.78287733333333,0,0,0,0,0,0
18:34:00,21.039609166666665,105.78287733333333,-0.8,-0.71,-0.02,0.08,-0.21,0.0
18:34:00,21.039609166666665,105.78287733333333,-0.84,-0.69,0.1,0.14,-0.24,0.0
18:34:00,21.039609166666665,105.78287733333333,-0.83,-0.69,-0.12,0.2,-0.19,0.0
18:34:00,21.039609166666665,105.78287733333333,-0.85,-0.67,-0.04,0.22,-0.29,0.0
18:34:00,21.039609166666665,105.78287733333333,-0.86,-0.69,-0.11,0.29,-0.34,0.0
18:34:01,21.039600833333335,105.78288316666666,-0.81,-0.69,-0.09,0.36,-0.25,0.0
18:34:01,21.039600833333335,105.78288316666666,-0.86,-0.71,-0.09,0.39,-0.22,0.0
18:34:01,21.039600833333335,105.78288316666666,-0.81,-0.71,-0.16,0.44,-0.19,0.0
18:34:01,21.039600833333335,105.78288316666666,-0.83,-0.68,-0.13,0.51,-0.14,0.0
18:34:01,21.039600833333335,105.78288316666666,-0.88,-0.69,-0.16,0.49,-0.31,0.0
18:34:01,21.039600833333335,105.78288316666666,-0.81,-0.72,-0.17,0.56,-0.21,0.0
18:34:01,21.039600833333335,105.78288316666666,-0.83,-0.7,-0.24,0.56,-0.28,0.0
18:34:01,21.039600833333335,105.78288316666666,-0.8,-0.68,-0.19,0.59,-0.29,0.0
18:34:01,21.039600833333335,105.78288316666666,-0.84,-0.69,-0.19,0.64,-0.26,0.0
18:34:01,21.039600833333335,105.78288316666666,-0.81,-0.71,-0.27,0.69,-0.22,0.0
18:34:02,21.039602333333335,105.7828905,-0.82,-0.69,-0.21,0.75,-0.24,0.0
18:34:02,21.039602333333335,105.7828905,-0.84,-0.71,-0.34,0.77,-0.25,0.0
18:34:02,21.039602333333335,105.7828905,-0.78,-0.71,-0.24,0.75,-0.27,0.0
18:34:02,21.039602333333335,105.7828905,-0.83,-0.71,-0.25,0.74,-0.3,0.0
18:34:02,21.039602333333335,105.7828905,-0.81,-0.71,-0.32,0.75,-0.31,0.0
18:34:02,21.039602333333335,105.7828905,-0.82,-0.71,-0.28,0.83,-0.21,0.0
18:34:02,21.039602333333335,105.7828905,-0.81,-0.7,-0.23,0.73,-0.24,0.0
18:34:02,21.039602333333335,105.7828905,-0.84,-0.71,-0.18,0.77,-0.21,0.0
18:34:02,21.039602333333335,105.7828905,-0.85,-0.7,-0.34,0.77,-0.22,0.0
18:34:03,21.039602333333335,105.7828905,-0.83,-0.7,-0.26,0.82,-0.23,0.0
18:34:03,21.0395935,105.782895,-0.83,-0.7,-0.25,0.84,-0.26,0.0
18:34:03,21.0395935,105.782895,-0.79,-0.7,-0.25,0.85,-0.21,0.0
18:34:03,21.0395935,105.782895,-0.86,-0.71,-0.23,0.86,-0.27,0.0
18:34:03,21.0395935,105.782895,-0.8,-0.71,-0.34,0.88,-0.24,0.0
18:34:03,21.0395935,105.782895,-0.8,-0.71,-0.31,0.91,-0.3,0.0
18:34:03,21.0395935,105.782895,-0.84,-0.72,-0.26,0.89,-0.3,0.0
18:34:03,21.0395935,105.782895,-0.86,-0.68,-0.28,0.89,-0.26,0.0
18:34:03,21.0395935,105.782895,-0.83,-0.71,-0.29,0.84,-0.24,0.0
18:34:03,21.0395935,105.782895,-0.78,-0.73,-0.3,0.93,-0.18,0.0
18:34:04,21.0395935,105.782895,-0.81,-0.72,-0.35,0.94,-0.3,0.0
18:34:04,21.039589166666666,105.78290366666667,-0.81,-0.7,-0.27,0.9,-0.34,0.0
18:34:04,21.039589166666666,105.78290366666667,-0.83,-0.7,-0.29,0.91,-0.3,0.0
18:34:04,21.039589166666666,105.78290366666667,-0.8,-0.7,-0.27,0.94,-0.3,0.0
18:34:04,21.039589166666666,105.78290366666667,-0.82,-0.71,-0.28,0.92,-0.35,0.0
18:34:04,21.039589166666666,105.78290366666667,-0.86,-0.7,-0.29,0.87,-0.27,0.0
18:34:04,21.039589166666666,105.78290366666667,-0.85,-0.71,-0.3,0.94,-0.31,0.0
18:34:04,21.039589166666666,105.78290366666667,-0.8,-0.73,-0.28,0.92,-0.31,0.0
18:34:04,21.039589166666666,105.78290366666667,-0.83,-0.71,-0.27,0.9,-0.24,0.0
18:34:04,21.039589166666666,105.78290366666667,-0.88,-0.71,-0.27,0.94,-0.24,0.0
18:34:05,21.039589166666666,105.78290366666667,-0.83,-0.72,-0.23,0.97,-0.21,0.0
18:34:05,21.039587333333333,105.78291066666667,-0.85,-0.71,-0.24,0.96,-0.29,0.0
18:34:05,21.039587333333333,105.78291066666667,-0.86,-0.71,-0.36,0.98,-0.28,0.0
18:34:05,21.039587333333333,105.78291066666667,-0.83,-0.71,-0.28,0.97,-0.23,0.0
18:34:05,21.039587333333333,105.78291066666667,-0.88,-0.7,-0.24,0.93,-0.31,0.0
18:34:05,21.039587333333333,105.78291066666667,-0.84,-0.71,-0.25,0.95,-0.18,0.0
18:34:05,21.039587333333333,105.78291066666667,-0.87,-0.71,-0.3,0.98,-0.26,0.0
18:34:05,21.039587333333333,105.78291066666667,-0.86,-0.72,-0.27,1.01,-0.24,0.0
18:34:05,21.039587333333333,105.78291066666667,-0.86,-0.72,-0.24,0.97,-0.23,0.0
18:34:05,21.039587333333333,105.78291066666667,-0.88,-0.73,-0.29,0.95,-0.24,0.0
18:34:06,21.039587333333333,105.78291066666667,-0.84,-0.71,-0.22,0.97,-0.3,0.0
18:34:06,21.03959,105.782904,-0.88,-0.72,-0.31,1.02,-0.28,0.0
18:34:06,21.03959,105.782904,-0.84,-0.73,-0.26,0.94,-0.22,0.0
18:34:06,21.03959,105.782904,-0.86,-0.72,-0.21,0.91,-0.3,0.0
18:34:06,21.03959,105.782904,-0.86,-0.73,-0.29,0.98,-0.22,0.0
18:34:06,21.03959,105.782904,-0.87,-0.73,-0.26,1.0,-0.29,0.0
18:34:06,21.03959,105.782904,-0.87,-0.71,-0.2,0.9,-0.28,0.0
18:34:06,21.03959,105.782904,-0.89,-0.72,-0.27,1.0,-0.31,0.0
18:34:06,21.03959,105.782904,-0.89,-0.7,-0.27,0.94,-0.27,0.0
18:34:06,21.03959,105.782904,-0.86,-0.71,-0.24,1.01,-0.27,0.0
18:34:07,21.03959,105.782904,-0.89,-0.73,-0.21,0.95,-0.31,0.0
18:34:07,21.0395855,105.78290283333334,-0.88,-0.7,-0.22,0.94,-0.27,0.0
18:34:07,21.0395855,105.78290283333334,-0.88,-0.7,-0.29,1.01,-0.28,0.0
18:34:07,21.0395855,105.78290283333334,-0.86,-0.73,-0.21,1.0,-0.24,0.0
18:34:07,21.0395855,105.78290283333334,-0.88,-0.73,-0.19,0.99,-0.23,0.0
18:34:07,21.0395855,105.78290283333334,-0.89,-0.72,-0.3,0.98,-0.3,0.0
18:34:07,21.0395855,105.78290283333334,-0.86,-0.72,-0.24,0.97,-0.22,0.0
18:34:07,21.0395855,105.78290283333334,-0.92,-0.74,-0.22,1.01,-0.23,0.0
18:34:07,21.0395855,105.78290283333334,-0.87,-0.72,-0.19,0.95,-0.26,0.0
18:34:07,21.0395855,105.78290283333334,-0.89,-0.73,-0.17,0.97,-0.17,0.0
18:34:08,21.0395855,105.78290283333334,-0.89,-0.72,-0.19,0.97,-0.17,0.0
18:34:08,21.0395795,105.782907,-0.89,-0.72,-0.15,0.95,-0.25,0.0
18:34:08,21.0395795,105.782907,-0.88,-0.73,-0.23,1.0,-0.11,0.0
18:34:08,21.0395795,105.782907,-0.87,-0.72,-0.2,1.0,-0.19,0.0
18:34:08,21.0395795,105.782907,-0.91,-0.72,-0.19,1.03,-0.27,0.0
18:34:08,21.0395795,105.782907,-0.84,-0.71,-0.15,1.02,-0.31,0.0
18:34:08,21.0395795,105.782907,-0.92,-0.74,-0.24,1.08,-0.27,0.0
18:34:08,21.0395795,105.782907,-0.84,-0.72,-0.22,1.0,-0.34,0.0
18:34:08,21.0395795,105.782907,-0.86,-0.73,-0.2,1.03,-0.31,0.0
18:34:08,21.0395795,105.782907,-0.9,-0.72,-0.11,0.94,-0.3,0.0
18:34:09,21.0395795,105.782907,-0.87,-0.7,-0.16,0.95,-0.26,0.0
18:34:09,21.039579166666666,105.78291266666666,-0.87,-0.72,-0.2,1.0,-0.22,0.0
18:34:09,21.039579166666666,105.78291266666666,-0.93,-0.71,-0.13,1.0,-0.35,0.0
18:34:09,21.039579166666666,105.78291266666666,-0.88,-0.71,-0.19,0.99,-0.24,0.0
18:34:09,21.039579166666666,105.78291266666666,-0.91,-0.72,-0.14,0.99,-0.27,0.0
18:34:09,21.039579166666666,105.78291266666666,-0.9,-0.73,-0.22,0.98,-0.27,0.0
18:34:09,21.039579166666666,105.78291266666666,-0.86,-0.73,-0.18,1.03,-0.15,0.0
18:34:09,21.039579166666666,105.78291266666666,-0.9,-0.72,-0.15,1.02,-0.18,0.0
18:34:09,21.039579166666666,105.78291266666666,-0.86,-0.75,-0.1,1.01,-0.3,0.0
18:34:09,21.039579166666666,105.78291266666666,-0.84,-0.73,-0.17,0.96,-0.23,0.0
18:34:10,21.039579166666666,105.78291266666666,-0.84,-0.71,-0.13,0.98,-0.13,0.0
18:34:10,21.039570166666667,105.78291916666667,-0.89,-0.72,-0.12,1.06,-0.17,0.0
18:34:10,21.039570166666667,105.78291916666667,-0.86,-0.74,-0.12,0.99,-0.31,0.0
18:34:10,21.039570166666667,105.78291916666667,-0.84,-0.74,-0.2,1.0,-0.16,0.0
18:34:10,21.039570166666667,105.78291916666667,-0.8,-0.73,-0.17,1.0,-0.21,0.0
18:34:10,21.039570166666667,105.78291916666667,-0.83,-0.73,-0.15,0.97,-0.13,0.0
18:34:10,21.039570166666667,105.78291916666667,-0.83,-0.71,-0.12,0.97,-0.27,0.0
18:34:10,21.039570166666667,105.78291916666667,-0.81,-0.73,-0.16,0.99,-0.18,0.0
18:34:10,21.039570166666667,105.78291916666667,-0.84,-0.71,-0.12,0.97,-0.38,0.0
18:34:10,21.039570166666667,105.78291916666667,-0.86,-0.72,-0.03,0.93,-0.32,0.0
18:34:11,21.039567666666667,105.78292266666666,-0.82,-0.72,-0.14,0.98,-0.27,0.0
18:34:11,21.039567666666667,105.78292266666666,-0.83,-0.73,-0.13,1.0,-0.26,0.0
18:34:11,21.039567666666667,105.78292266666666,-0.84,-0.72,-0.17,1.04,-0.27,0.0
18:34:11,21.039567666666667,105.78292266666666,-0.8,-0.74,-0.07,0.98,-0.27,0.0
18:34:11,21.039567666666667,105.78292266666666,-0.86,-0.74,-0.19,1.01,-0.29,0.0
18:34:11,21.039567666666667,105.78292266666666,-0.82,-0.74,-0.1,1.01,-0.19,0.0
18:34:11,21.039567666666667,105.78292266666666,-0.87,-0.73,-0.1,1.04,-0.23,0.0
18:34:11,21.039567666666667,105.78292266666666,-0.79,-0.75,-0.12,1.01,-0.21,0.0
18:34:11,21.039567666666667,105.78292266666666,-0.87,-0.72,-0.1,1.03,-0.14,0.0
18:34:11,21.039567666666667,105.78292266666666,-0.85,-0.72,-0.12,1.03,-0.27,0.0
18:34:12,21.039560166666668,105.78292233333333,-0.86,-0.72,-0.1,1.02,-0.39,0.0
18:34:12,21.039560166666668,105.78292233333333,-0.81,-0.72,-0.08,0.98,-0.31,0.0
18:34:12,21.039560166666668,105.78292233333333,-0.85,-0.72,-0.07,0.97,-0.28,0.0
18:34:12,21.039560166666668,105.78292233333333,-0.85,-0.74,-0.13,1.03,-0.21,0.0
18:34:12,21.039560166666668,105.78292233333333,-0.84,-0.75,-0.1,1.02,-0.24,0.0
18:34:12,21.039560166666668,105.78292233333333,-0.84,-0.75,-0.09,1.03,-0.25,0.0
18:34:12,21.039560166666668,105.78292233333333,-0.83,-0.73,-0.06,0.99,-0.25,0.0
18:34:12,21.039560166666668,105.78292233333333,-0.84,-0.73,-0.16,1.02,-0.14,0.0
18:34:12,21.039560166666668,105.78292233333333,-0.82,-0.73,-0.13,1.04,-0.24,0.0
18:34:12,21.039560166666668,105.78292233333333,-0.82,-0.73,-0.05,1.04,-0.19,0.0
18:34:13,21.039558833333334,105.78292366666666,-0.82,-0.74,-0.07,1.01,-0.18,0.0
18:34:13,21.039558833333334,105.78292366666666,-0.81,-0.73,-0.07,1.0,-0.27,0.0
18:34:13,21.039558833333334,105.78292366666666,-0.82,-0.74,-0.05,1.0,-0.21,0.0
18:34:13,21.039558833333334,105.78292366666666,-0.84,-0.73,0.02,0.97,-0.26,0.0
18:34:13,21.039558833333334,105.78292366666666,-0.84,-0.75,-0.08,1.0,-0.28,0.0
18:34:13,21.039558833333334,105.78292366666666,-0.82,-0.73,-0.02,0.98,-0.2,0.0
18:34:13,21.039558833333334,105.78292366666666,-0.86,-0.73,0.03,1.0,-0.27,0.0
18:34:13,21.039558833333334,105.78292366666666,-0.82,-0.74,-0.1,0.99,-0.19,0.0
18:34:13,21.039558833333334,105.78292366666666,-0.86,-0.73,-0.05,1.05,-0.31,0.0
18:34:14,21.039558833333334,105.78292366666666,-0.82,-0.75,-0.06,1.02,-0.27,0.0
18:34:14,21.03956133333333,105.78292483333334,-0.8,-0.75,-0.0,0.99,-0.21,0.0
18:34:14,21.03956133333333,105.78292483333334,-0.82,-0.75,-0.1,1.04,-0.14,0.0
18:34:14,21.03956133333333,105.78292483333334,-0.82,-0.73,-0.04,1.01,-0.22,0.0
18:34:14,21.03956133333333,105.78292483333334,-0.83,-0.74,-0.01,1.01,-0.24,0.0
18:34:14,21.03956133333333,105.78292483333334,-0.8,-0.73,-0.02,1.03,-0.3,0.0
18:34:14,21.03956133333333,105.78292483333334,-0.81,-0.76,-0.04,1.05,-0.24,0.0
18:34:14,21.03956133333333,105.78292483333334,-0.8,-0.72,-0.09,1.02,-0.27,0.0
18:34:14,21.03956133333333,105.78292483333334,-0.82,-0.75,0.02,0.93,-0.22,0.0
18:34:14,21.03956133333333,105.78292483333334,-0.81,-0.73,-0.04,0.83,-0.18,0.0
18:34:15,21.03956133333333,105.78292483333334,-0.83,-0.73,0.03,0.78,-0.31,0.0
18:34:15,21.039566166666667,105.78293183333334,-0.81,-0.75,-0.03,0.73,-0.26,0.0
18:34:15,21.039566166666667,105.78293183333334,-0.8,-0.75,0.0,0.71,-0.24,0.0
18:34:15,21.039566166666667,105.78293183333334,-0.81,-0.75,-0.06,0.64,-0.23,0.0
18:34:15,21.039566166666667,105.78293183333334,-0.8,-0.74,-0.03,0.57,-0.24,0.0
18:34:15,21.039566166666667,105.78293183333334,-0.85,-0.72,-0.01,0.5,-0.27,0.0
18:34:15,21.039566166666667,105.78293183333334,-0.82,-0.74,0.0,0.48,-0.27,0.0
18:34:15,21.039566166666667,105.78293183333334,-0.82,-0.75,0.01,0.42,-0.24,0.0
18:34:15,21.039566166666667,105.78293183333334,-0.81,-0.73,-0.03,0.38,-0.23,0.0
18:34:15,21.039566166666667,105.78293183333334,-0.8,-0.73,-0.01,0.38,-0.17,0.0
18:34:16,21.039566166666667,105.78293183333334,-0.83,-0.75,-0.01,0.34,-0.14,0.0
18:34:16,21.039565666666668,105.7829455,-0.82,-0.72,0.05,0.29,-0.26,0.0
18:34:16,21.039565666666668,105.7829455,-0.82,-0.74,-0.08,0.33,-0.2,0.0
18:34:16,21.039565666666668,105.7829455,-0.8,-0.74,-0.01,0.29,-0.16,0.0
18:34:16,21.039565666666668,105.7829455,-0.84,-0.75,-0.03,0.31,-0.18,0.0
18:34:16,21.039565666666668,105.7829455,-0.84,-0.73,-0.02,0.21,-0.27,0.0
18:34:16,21.039565666666668,105.7829455,-0.81,-0.72,-0.01,0.19,-0.32,0.0
18:34:16,21.039565666666668,105.7829455,-0.84,-0.72,0.01,0.18,-0.27,0.0
18:34:16,21.039565666666668,105.7829455,-0.82,-0.73,0.0,0.18,-0.24,0.0
18:34:16,21.039565666666668,105.7829455,-0.86,-0.73,0.01,0.15,-0.36,0.0
18:34:17,21.039565666666668,105.7829455,-0.79,-0.75,0.01,0.18,-0.18,0.0
18:34:17,21.03956833333333,105.78294833333334,-0.88,-0.75,0.02,0.2,-0.34,0.0
18:34:17,21.03956833333333,105.78294833333334,-0.81,-0.74,0.02,0.14,-0.3,0.0
18:34:17,21.03956833333333,105.78294833333334,-0.87,-0.73,0.1,0.07,-0.29,0.0
18:34:17,21.03956833333333,105.78294833333334,-0.85,-0.75,-0.08,0.12,-0.18,0.0
18:34:17,21.03956833333333,105.78294833333334,-0.83,-0.75,0.06,0.11,-0.23,0.0
18:34:17,21.03956833333333,105.78294833333334,-0.82,-0.75,0.02,0.09,-0.19,0.0
18:34:17,21.03956833333333,105.78294833333334,-0.83,-0.74,-0.01,0.12,-0.21,0.0
18:34:17,21.03956833333333,105.78294833333334,-0.82,-0.74,-0.01,0.07,-0.25,0.0
18:34:17,21.03956833333333,105.78294833333334,-0.78,-0.74,0.0,0.07,-0.18,0.0
18:34:18,21.03956833333333,105.78294833333334,-0.85,-0.74,0.01,0.05,-0.27,0.0
18:34:18,21.0395695,105.78295116666666,-0.83,-0.71,0.04,-0.02,-0.25,0.0
18:34:18,21.0395695,105.78295116666666,-0.86,-0.72,0.08,0.04,-0.31,0.0
18:34:18,21.0395695,105.78295116666666,-0.86,-0.74,-0.08,0.09,-0.24,0.0
18:34:18,21.0395695,105.78295116666666,-0.8,-0.74,0.05,0.12,-0.29,0.0
18:34:18,21.0395695,105.78295116666666,-0.89,-0.75,0.08,0.03,-0.24,0.0
18:34:18,21.0395695,105.78295116666666,-0.81,-0.74,0.01,0.03,-0.24,0.0
18:34:18,21.0395695,105.78295116666666,-0.87,-0.74,-0.01,0.09,-0.18,0.0
18:34:18,21.0395695,105.78295116666666,-0.85,-0.74,0.04,0.05,-0.26,0.0
18:34:18,21.0395695,105.78295116666666,-0.84,-0.73,-0.0,-0.0,-0.18,0.0
18:34:19,21.0395695,105.78295116666666,-0.82,-0.74,-0.04,0.03,-0.2,0.0
18:34:19,21.039568666666668,105.78296116666667,-0.81,-0.74,0.05,0.01,-0.18,0.0
18:34:19,21.039568666666668,105.78296116666667,-0.89,-0.74,-0.0,0.02,-0.1,0.0
18:34:19,21.039568666666668,105.78296116666667,-0.85,-0.75,0.12,-0.04,-0.24,0.0
18:34:19,21.039568666666668,105.78296116666667,-0.83,-0.75,-0.01,0.05,-0.2,0.0
18:34:19,21.039568666666668,105.78296116666667,-0.81,-0.74,0.02,0.03,-0.22,0.0
18:34:19,21.039568666666668,105.78296116666667,-0.83,-0.74,0.1,-0.01,-0.28,0.0
18:34:19,21.039568666666668,105.78296116666667,-0.84,-0.75,0.02,0.02,-0.2,0.0
18:34:19,21.039568666666668,105.78296116666667,-0.84,-0.72,0.01,0.01,-0.3,0.0
18:34:19,21.039568666666668,105.78296116666667,-0.82,-0.74,-0.01,-0.03,-0.24,0.0
18:34:20,21.039568666666668,105.78296116666667,-0.82,-0.72,0.07,-0.0,-0.35,0.0
18:34:20,21.039566333333333,105.782971,-0.85,-0.74,-0.03,0.03,-0.32,0.0
18:34:20,21.039566333333333,105.782971,-0.79,-0.74,-0.02,0.05,-0.16,0.0
18:34:20,21.039566333333333,105.782971,-0.86,-0.74,0.01,0.07,-0.21,0.0
18:34:20,21.039566333333333,105.782971,-0.8,-0.75,0.03,0.02,-0.27,0.0
18:34:20,21.039566333333333,105.782971,-0.79,-0.76,0.06,0.05,-0.21,0.0
18:34:20,21.039566333333333,105.782971,-0.83,-0.75,-0.01,0.03,-0.17,0.0
18:34:20,21.039566333333333,105.782971,-0.81,-0.73,0.02,0.01,-0.28,0.0
18:34:20,21.039566333333333,105.782971,-0.8,-0.74,0.11,-0.04,-0.22,0.0
18:34:20,21.039566333333333,105.782971,-0.85,-0.72,0.05,-0.05,-0.27,0.0
18:34:21,21.039566333333333,105.782971,-0.81,-0.73,-0.03,0.02,-0.22,0.0
18:34:21,21.039567,105.78297966666666,-0.79,-0.74,0.03,0.02,-0.24,0.0
18:34:21,21.039567,105.78297966666666,-0.88,-0.75,0.05,0.05,-0.21,0.0
18:34:21,21.039567,105.78297966666666,-0.78,-0.73,0.01,-0.04,-0.25,0.0
18:34:21,21.039567,105.78297966666666,-0.82,-0.74,0.03,0.01,-0.24,0.0
18:34:21,21.039567,105.78297966666666,-0.82,-0.73,0.05,-0.0,-0.29,0.0
18:34:21,21.039567,105.78297966666666,-0.84,-0.73,0.04,-0.02,-0.2,0.0
18:34:21,21.039567,105.78297966666666,-0.85,-0.71,-0.01,-0.05,-0.29,0.0
18:34:21,21.039567,105.78297966666666,-0.8,-0.72,0.02,-0.04,-0.27,0.0
18:34:21,21.039567,105.78297966666666,-0.86,-0.72,-0.01,0.01,-0.16,0.0
18:34:22,21.039566333333333,105.7829845,-0.82,-0.74,-0.0,0.03,-0.21,0.0
18:34:22,21.039566333333333,105.7829845,-0.81,-0.74,0.06,0.01,-0.21,0.0
18:34:22,21.039566333333333,105.7829845,-0.83,-0.72,0.05,-0.01,-0.27,0.0
18:34:22,21.039566333333333,105.7829845,-0.85,-0.71,0.05,-0.03,-0.29,0.0
18:34:22,21.039566333333333,105.7829845,-0.85,-0.73,-0.03,0.02,-0.21,0.0
18:34:22,21.039566333333333,105.7829845,-0.84,-0.73,0.03,-0.01,-0.31,0.0
18:34:22,21.039566333333333,105.7829845,-0.83,-0.74,0.02,-0.02,-0.26,0.0
18:34:22,21.039566333333333,105.7829845,-0.84,-0.71,0.04,0.03,-0.27,0.0
18:34:22,21.039566333333333,105.7829845,-0.87,-0.74,0.07,0.03,-0.3,0.0
18:34:22,21.039566333333333,105.7829845,-0.82,-0.75,-0.04,0.03,-0.23,0.0
18:34:23,21.039566833333332,105.78298383333333,-0.86,-0.76,0.04,0.01,-0.19,0.0
18:34:23,21.039566833333332,105.78298383333333,-0.84,-0.74,0.0,0.01,-0.31,0.0
18:34:23,21.039566833333332,105.78298383333333,-0.84,-0.74,0.07,-0.05,-0.24,0.0
18:34:23,21.039566833333332,105.78298383333333,-0.88,-0.72,-0.08,0.0,-0.25,0.0
18:34:23,21.039566833333332,105.78298383333333,-0.83,-0.73,0.02,-0.04,-0.29,0.0
18:34:23,21.039566833333332,105.78298383333333,-0.87,-0.74,-0.02,0.06,-0.19,0.0
18:34:23,21.039566833333332,105.78298383333333,-0.81,-0.76,-0.04,0.03,-0.25,0.0
18:34:23,21.039566833333332,105.78298383333333,-0.82,-0.75,0.02,-0.03,-0.2,0.0
18:34:23,21.039566833333332,105.78298383333333,-0.87,-0.74,-0.03,0.03,-0.19,0.0
18:34:23,21.039566833333332,105.78298383333333,-0.85,-0.74,0.04,0.02,-0.21,0.0
18:34:24,21.039565166666666,105.78298483333333,-0.84,-0.74,0.0,0.02,-0.27,0.0
18:34:24,21.039565166666666,105.78298483333333,-0.88,-0.73,0.05,0.0,-0.34,0.0
18:34:24,21.039565166666666,105.78298483333333,-0.85,-0.76,-0.01,-0.01,-0.06,0.0
18:34:24,21.039565166666666,105.78298483333333,-0.76,-0.73,-0.05,0.05,-0.21,0.0
18:34:24,21.039565166666666,105.78298483333333,-0.81,-0.76,0.12,-0.0,-0.27,0.0
18:34:24,21.039565166666666,105.78298483333333,-0.83,-0.76,-0.07,0.06,-0.19,0.0
18:34:24,21.039565166666666,105.78298483333333,-0.8,-0.74,-0.02,0.05,-0.27,0.0
18:34:24,21.039565166666666,105.78298483333333,-0.82,-0.75,-0.01,0.03,-0.15,0.0
18:34:24,21.039565166666666,105.78298483333333,-0.8,-0.74,0.0,-0.03,-0.21,0.0
18:34:25,21.039565166666666,105.78298483333333,-0.87,-0.74,-0.02,-0.01,-0.21,0.0
18:34:25,21.039574833333333,105.78297383333333,-0.83,-0.74,-0.04,0.01,-0.23,0.0
18:34:25,21.039574833333333,105.78297383333333,-0.83,-0.74,-0.03,0.05,-0.2,0.0
18:34:25,21.039574833333333,105.78297383333333,-0.82,-0.74,0.11,-0.03,-0.44,0.0
18:34:25,21.039574833333333,105.78297383333333,-1.04,-0.67,-0.16,0.04,-0.05,0.0
18:34:25,21.039574833333333,105.78297383333333,-0.59,-0.96,0.31,0.03,-1.36,0.0
18:34:25,21.039574833333333,105.78297383333333,-0.7,-0.62,-0.01,-0.0,-0.92,0.0
18:34:25,21.039574833333333,105.78297383333333,-0.64,-0.56,0.13,-0.09,0.02,0.0
18:34:25,21.039574833333333,105.78297383333333,-1.05,-0.39,-0.19,0.15,-0.89,0.0
18:34:25,21.039574833333333,105.78297383333333,-1.15,-0.37,-0.54,0.5,-1.75,0.0
18:34:26,21.039574833333333,105.78297383333333,-0.72,-0.6,-0.34,0.06,-2.23,0.0
18:34:26,21.039571166666665,105.782975,-0.9,-0.28,-0.11,-0.22,-3.75,0.0
18:34:26,21.039571166666665,105.782975,-0.46,-0.42,0.11,-0.27,-4.01,0.0
18:34:26,21.039571166666665,105.782975,-0.56,-0.53,-0.07,-0.09,-4.2,0.0
18:34:26,21.039571166666665,105.782975,-0.58,-0.53,-0.19,-0.15,-3.92,0.0
18:34:26,21.039571166666665,105.782975,-0.57,-0.59,0.15,0.25,-3.56,0.0
18:34:26,21.039571166666665,105.782975,-0.54,-0.55,0.1,-0.06,-2.46,0.0
18:34:26,21.039571166666665,105.782975,-0.37,-0.61,0.22,-0.21,-1.56,0.0
18:34:26,21.039571166666665,105.782975,-0.54,-0.78,-0.3,-0.11,-2.03,0.0
18:34:26,21.039571166666665,105.782975,-0.64,-0.58,0.2,-0.01,-2.66,0.0
18:34:27,21.039571166666665,105.782975,-0.42,-0.65,-0.05,-0.2,-2.79,0.0
18:34:27,21.0395645,105.78297616666667,-0.32,-0.58,0.11,-0.23,-2.79,0.0
18:34:27,21.0395645,105.78297616666667,-0.21,-0.58,0.17,-0.08,-2.69,0.0
18:34:27,21.0395645,105.78297616666667,-0.31,-0.61,-0.27,-0.16,-3.01,0.0
18:34:27,21.0395645,105.78297616666667,-0.41,-0.67,0.21,0.09,-3.13,0.0
18:34:27,21.0395645,105.78297616666667,-0.38,-0.57,0.17,-0.13,-3.8,0.0
18:34:27,21.0395645,105.78297616666667,-0.52,-0.51,-0.03,-0.17,-4.36,0.0
18:34:27,21.0395645,105.78297616666667,-0.42,-0.73,0.18,-0.15,-3.99,0.0
18:34:27,21.0395645,105.78297616666667,-0.45,-0.77,0.12,-0.12,-4.62,0.0
18:34:27,21.0395645,105.78297616666667,-0.37,-0.61,-0.02,-0.3,-5.39,0.0
18:34:28,21.0395645,105.78297616666667,-0.35,-0.86,-0.07,-0.15,-4.66,0.0
18:34:28,21.039561166666665,105.78297366666666,-0.37,-0.8,0.19,0.08,-5.29,0.0
18:34:28,21.039561166666665,105.78297366666666,-0.4,-0.56,0.3,-0.11,-6.23,0.0
18:34:28,21.039561166666665,105.78297366666666,-0.3,-0.78,0.15,-0.13,-5.38,0.0
18:34:28,21.039561166666665,105.78297366666666,-0.4,-0.7,0.06,-0.28,-5.03,0.0
18:34:28,21.039561166666665,105.78297366666666,-0.15,-0.49,0.09,-0.45,-4.55,0.0
18:34:28,21.039561166666665,105.78297366666666,-0.11,-0.26,-0.05,-0.47,-5.35,0.0
18:34:28,21.039561166666665,105.78297366666666,-0.19,-0.65,-0.07,-0.46,-4.76,0.0
18:34:28,21.039561166666665,105.78297366666666,-0.03,-0.8,-0.23,-0.74,-3.4,0.0
18:34:28,21.039561166666665,105.78297366666666,-0.03,-0.59,-0.39,-0.34,-2.9,0.0
18:34:29,21.039561166666665,105.78297366666666,-0.09,-0.59,-0.57,-0.52,-1.74,0.0
18:34:29,21.039553833333333,105.78297533333334,-0.01,-0.44,-0.5,0.38,-1.31,0.0
18:34:29,21.039553833333333,105.78297533333334,-0.43,-0.05,-0.29,-0.44,-0.31,0.0
18:34:29,21.039553833333333,105.78297533333334,-0.19,-0.62,-0.64,0.3,1.83,0.0
18:34:29,21.039553833333333,105.78297533333334,-0.71,-0.48,-0.35,0.46,1.91,0.0
18:34:29,21.039553833333333,105.78297533333334,-0.55,-0.26,0.26,0.1,1.21,0.0
18:34:29,21.039553833333333,105.78297533333334,-0.32,-0.55,0.45,0.27,1.03,0.0
18:34:29,21.039553833333333,105.78297533333334,-0.23,-0.66,0.52,0.09,1.03,0.0
18:34:29,21.039553833333333,105.78297533333334,-0.47,-0.59,-0.03,0.1,0.02,0.0
18:34:29,21.039553833333333,105.78297533333334,-0.25,-0.72,-0.2,0.1,-0.43,0.0
18:34:30,21.039553833333333,105.78297533333334,-0.31,-0.69,0.13,0.04,-0.21,0.0
18:34:30,21.039548,105.78297666666667,-0.16,-0.56,0.23,0.12,0.06,0.0
18:34:30,21.039548,105.78297666666667,-0.32,-0.42,-0.03,-0.08,-0.02,0.0
18:34:30,21.039548,105.78297666666667,-0.26,-0.49,-0.37,0.07,-0.38,0.0
18:34:30,21.039548,105.78297666666667,-0.37,-0.43,-0.08,0.12,-0.37,0.0
18:34:30,21.039548,105.78297666666667,-0.32,-0.6,-0.18,0.13,-0.64,0.0
18:34:30,21.039548,105.78297666666667,-0.28,-0.51,-0.53,-0.04,-0.72,0.0
18:34:30,21.039548,105.78297666666667,-0.33,-0.5,-0.29,-0.24,-0.6,0.0
18:34:30,21.039548,105.78297666666667,-0.21,-0.53,-0.36,-0.06,-0.17,0.0
18:34:30,21.039548,105.78297666666667,-0.2,-0.58,-0.15,-0.01,-0.34,0.0
18:34:31,21.039548,105.78297666666667,-0.1,-0.58,0.06,0.09,-0.35,0.0
18:34:31,21.039543833333333,105.78297433333333,-0.2,-0.5,-0.25,-0.11,-0.58,0.0
18:34:31,21.039543833333333,105.78297433333333,-0.21,-0.61,-0.22,0.0,-0.54,0.0
18:34:31,21.039543833333333,105.78297433333333,-0.13,-0.62,0.35,0.0,-0.25,0.0
18:34:31,21.039543833333333,105.78297433333333,-0.12,-0.61,-0.0,0.04,-0.33,0.0
18:34:31,21.039543833333333,105.78297433333333,-0.16,-0.65,-0.0,0.03,-0.36,0.0
18:34:31,21.039543833333333,105.78297433333333,-0.16,-0.69,-0.26,-0.11,-0.25,0.0
18:34:31,21.039543833333333,105.78297433333333,-0.16,-0.7,-0.16,0.02,-0.4,0.0
18:34:31,21.039543833333333,105.78297433333333,-0.09,-0.77,0.15,0.03,-0.01,0.0
18:34:31,21.039543833333333,105.78297433333333,-0.17,-0.61,-0.04,-0.02,-0.24,0.0
18:34:32,21.039543833333333,105.78297433333333,-0.18,-0.58,-0.2,-0.09,-0.29,0.0
18:34:32,21.0395425,105.782964,-0.15,-0.6,-0.15,-0.01,-0.39,0.0
18:34:32,21.0395425,105.782964,-0.16,-0.6,-0.1,0.05,-0.5,0.0
18:34:32,21.0395425,105.782964,-0.2,-0.55,-0.18,-0.04,-0.43,0.0
18:34:32,21.0395425,105.782964,-0.07,-0.71,0.06,0.0,-0.31,0.0
18:34:32,21.0395425,105.782964,-0.02,-0.67,-0.03,-0.07,-0.15,0.0
18:34:32,21.0395425,105.782964,-0.17,-0.63,-0.08,0.03,-0.23,0.0
18:34:32,21.0395425,105.782964,-0.12,-0.67,-0.09,-0.04,-0.14,0.0
18:34:32,21.0395425,105.782964,-0.15,-0.67,-0.06,-0.06,0.05,0.0
18:34:32,21.0395425,105.782964,-0.1,-0.77,0.13,0.05,0.09,0.0
18:34:33,21.03956133333333,105.782946,-0.19,-0.7,0.24,0.04,-0.35,0.0
18:34:33,21.03956133333333,105.782946,-0.17,-0.64,-0.04,0.09,-0.4,0.0
18:34:33,21.03956133333333,105.782946,-0.17,-0.68,0.05,-0.03,-0.2,0.0
18:34:33,21.03956133333333,105.782946,-0.19,-0.7,-0.04,0.13,-0.29,0.0
18:34:33,21.03956133333333,105.782946,-0.13,-0.74,0.26,0.05,-0.34,0.0
18:34:33,21.03956133333333,105.782946,-0.13,-0.7,0.11,0.05,-0.35,0.0
18:34:33,21.03956133333333,105.782946,-0.14,-0.71,-0.08,-0.03,-0.29,0.0
18:34:33,21.03956133333333,105.782946,-0.1,-0.7,-0.17,0.03,-0.3,0.0
18:34:33,21.03956133333333,105.782946,-0.1,-0.77,0.17,0.03,0.12,0.0
18:34:33,21.03956133333333,105.782946,-0.17,-0.73,0.05,-0.03,-0.22,0.0
18:34:34,21.039560166666668,105.78292283333333,-0.12,-0.74,-0.07,0.07,-0.21,0.0
18:34:34,21.039560166666668,105.78292283333333,-0.11,-0.81,0.01,0.03,-0.09,0.0
18:34:34,21.039560166666668,105.78292283333333,-0.04,-0.87,0.09,-0.02,-0.16,0.0
18:34:34,21.039560166666668,105.78292283333333,0.01,-0.75,-0.22,-0.18,-0.7,0.0
18:34:34,21.039560166666668,105.78292283333333,0.11,-0.83,-0.34,-0.08,-0.62,0.0
18:34:34,21.039560166666668,105.78292283333333,0.02,-0.89,-0.15,0.05,-1.11,0.0
18:34:34,21.039560166666668,105.78292283333333,-0.18,-0.72,-0.37,0.07,-1.64,0.0
18:34:34,21.039560166666668,105.78292283333333,-0.32,-0.91,0.13,0.2,-0.23,0.0
18:34:34,21.039560166666668,105.78292283333333,-0.09,-0.43,-0.37,0.41,-1.54,0.0
18:34:34,21.039560166666668,105.78292283333333,-0.63,-0.79,-0.49,0.29,-0.64,0.0
18:34:35,21.0395675,105.78288883333333,-0.31,-0.95,-1.07,0.69,-1.31,0.0
18:34:35,21.0395675,105.78288883333333,-0.45,-1.21,-0.95,0.34,-0.27,0.0
18:34:35,21.0395675,105.78288883333333,-0.45,-1.36,-0.44,0.25,1.08,0.0
18:34:35,21.0395675,105.78288883333333,-0.62,-1.16,-0.08,0.48,-0.39,0.0
18:34:35,21.0395675,105.78288883333333,-0.55,-0.85,0.29,-0.07,-0.43,0.0
18:34:35,21.0395675,105.78288883333333,0.29,-0.48,0.4,-0.06,-0.25,0.0
18:34:35,21.0395675,105.78288883333333,0.02,-0.81,0.27,-0.52,2.11,0.0
18:34:35,21.0395675,105.78288883333333,-0.08,-0.8,0.06,-0.5,0.8,0.0
18:34:35,21.0395675,105.78288883333333,0.18,-1.17,-0.55,-0.43,0.97,0.0
18:34:36,21.0395675,105.78288883333333,0.42,-1.24,-0.18,-0.32,-0.52,0.0
18:34:36,21.039583333333333,105.782826,-0.17,-1.34,-0.51,-0.5,-0.56,0.0
18:34:36,21.039583333333333,105.782826,0.16,-1.1,2.07,0.14,0.41,0.0
18:34:36,21.039583333333333,105.782826,-0.69,-0.46,0.83,0.67,-1.27,0.0
18:34:36,21.039583333333333,105.782826,-0.4,-0.42,0.48,0.17,-0.9,0.0
18:34:36,21.039583333333333,105.782826,-0.45,-1.2,0.71,0.35,0.12,0.0
18:34:36,21.039583333333333,105.782826,-0.77,-1.5,0.64,0.55,0.66,0.0
18:34:36,21.039583333333333,105.782826,0.02,-0.78,-0.97,0.08,-0.55,0.0
18:34:36,21.039583333333333,105.782826,-0.49,-0.86,-1.09,0.67,0.47,0.0
18:34:36,21.039583333333333,105.782826,-0.02,-0.41,-0.49,-0.78,0.33,0.0
18:34:37,21.039583333333333,105.782826,-0.23,-1.4,-0.13,0.04,0.52,0.0
18:34:37,21.039579333333332,105.78278183333333,0.12,-1.6,0.22,-0.26,-0.17,0.0
18:34:37,21.039579333333332,105.78278183333333,-0.26,-1.6,0.13,0.18,-2.08,0.0
18:34:37,21.039579333333332,105.78278183333333,0.03,-1.02,1.94,-0.79,-2.0,0.0
18:34:37,21.039579333333332,105.78278183333333,-0.13,-0.89,-0.12,0.82,-2.05,0.0
18:34:37,21.039579333333332,105.78278183333333,-0.59,-0.44,0.42,-0.25,-1.05,0.0
18:34:37,21.039579333333332,105.78278183333333,-0.29,-1.77,0.18,0.31,1.33,0.0
18:34:37,21.039579333333332,105.78278183333333,-0.58,-1.66,0.33,-0.22,2.88,0.0
18:34:37,21.039579333333332,105.78278183333333,-0.45,-1.68,0.17,0.45,2.61,0.0
18:34:37,21.039579333333332,105.78278183333333,-0.08,-0.17,-0.25,0.98,-1.26,0.0
18:34:38,21.039579333333332,105.78278183333333,0.09,-0.61,-0.14,-0.4,-0.02,0.0
18:34:38,21.039583333333333,105.78274733333333,0.09,-0.88,0.08,-0.29,-0.18,0.0
18:34:38,21.039583333333333,105.78274733333333,0.4,-1.14,-0.19,-0.53,-1.24,0.0
18:34:38,21.039583333333333,105.78274733333333,-0.21,-1.2,0.49,-0.13,-2.03,0.0
18:34:38,21.039583333333333,105.78274733333333,-0.38,-2.04,0.94,0.38,-2.05,0.0
18:34:38,21.039583333333333,105.78274733333333,0.1,-1.07,-0.19,-0.22,-1.14,0.0
18:34:38,21.039583333333333,105.78274733333333,-0.22,-1.2,0.52,0.08,0.24,0.0
18:34:38,21.039583333333333,105.78274733333333,-0.23,-1.37,-0.12,0.57,0.64,0.0
18:34:38,21.039583333333333,105.78274733333333,-0.81,-1.64,0.16,0.74,0.57,0.0
18:34:38,21.039583333333333,105.78274733333333,-0.59,-1.64,-0.07,0.44,0.78,0.0
18:34:39,21.039583333333333,105.78274733333333,0.49,0.09,0.34,0.57,-1.62,0.0
18:34:39,21.0395805,105.78270383333333,0.02,-0.78,-0.14,-0.7,0.5,0.0
18:34:39,21.0395805,105.78270383333333,0.07,-0.84,-0.78,-0.02,-0.93,0.0
18:34:39,21.0395805,105.78270383333333,0.07,-1.24,-1.22,-0.49,0.47,0.0
18:34:39,21.0395805,105.78270383333333,-0.09,-1.32,-0.71,0.07,-1.4,0.0
18:34:39,21.0395805,105.78270383333333,0.35,-1.87,-1.09,0.46,-2.73,0.0
18:34:39,21.0395805,105.78270383333333,-0.77,-0.6,-0.22,-0.81,-1.08,0.0
18:34:39,21.0395805,105.78270383333333,-0.44,-0.72,-0.2,-0.05,-0.6,0.0
18:34:39,21.0395805,105.78270383333333,-0.37,-1.41,0.2,0.25,0.66,0.0
18:34:39,21.0395805,105.78270383333333,-0.87,-2.11,-0.11,0.59,0.06,0.0
18:34:40,21.0395805,105.78270383333333,-0.56,-1.69,-0.09,0.22,0.13,0.0
18:34:40,21.0395915,105.782687,0.36,-0.81,1.14,1.12,-0.16,0.0
18:34:40,21.0395915,105.782687,-0.08,-1.22,0.56,-0.61,1.65,0.0
18:34:40,21.0395915,105.782687,-0.22,-0.96,-0.86,-0.06,-2.17,0.0
18:34:40,21.0395915,105.782687,-0.05,-1.94,-0.38,-0.44,-0.72,0.0
18:34:40,21.0395915,105.782687,-0.25,-1.96,0.04,-0.29,-0.47,0.0
18:34:40,21.0395915,105.782687,-0.38,-1.96,0.09,-0.28,-1.98,0.0
18:34:40,21.0395915,105.782687,-0.48,-1.07,-0.16,-0.25,-0.89,0.0
18:34:40,21.0395915,105.782687,-0.32,-1.34,0.8,-0.28,1.26,0.0
18:34:40,21.0395915,105.782687,-0.5,-1.68,-0.03,0.26,1.89,0.0
18:34:41,21.0395915,105.782687,-0.93,-1.75,-0.01,0.65,0.41,0.0
18:34:41,21.039606166666665,105.78276183333334,-0.71,-1.46,0.27,0.29,0.56,0.0
18:34:41,21.039606166666665,105.78276183333334,0.18,-1.06,1.54,-0.04,1.54,0.0
18:34:41,21.039606166666665,105.78276183333334,-0.26,-1.31,0.43,-0.48,1.67,0.0
18:34:41,21.039606166666665,105.78276183333334,-0.44,-1.21,0.13,-0.33,0.14,0.0
18:34:41,21.039606166666665,105.78276183333334,-0.28,-1.37,-0.66,-0.22,-0.88,0.0
18:34:41,21.039606166666665,105.78276183333334,-0.35,-1.4,0.05,0.23,-1.98,0.0
18:34:41,21.039606166666665,105.78276183333334,-0.14,-1.52,-0.72,-0.39,-2.44,0.0
18:34:41,21.039606166666665,105.78276183333334,-0.87,-0.37,0.01,0.04,-2.54,0.0
18:34:41,21.039606166666665,105.78276183333334,-0.86,-1.36,-0.08,0.16,-0.56,0.0
18:34:42,21.039606166666665,105.78276183333334,-0.78,-1.37,-0.1,0.3,-0.63,0.0
18:34:42,21.03960633333333,105.78278783333333,-0.79,-1.81,-0.09,0.68,0.1,0.0
18:34:42,21.03960633333333,105.78278783333333,-0.7,-1.56,0.14,-0.09,1.09,0.0
18:34:42,21.03960633333333,105.78278783333333,-0.33,-1.97,0.82,-1.46,4.01,0.0
18:34:42,21.03960633333333,105.78278783333333,-0.93,-1.46,-0.22,-0.5,3.46,0.0
18:34:42,21.03960633333333,105.78278783333333,-0.04,-0.93,0.58,-0.04,0.89,0.0
18:34:42,21.03960633333333,105.78278783333333,-0.11,-1.49,-0.62,-0.32,-0.58,0.0
18:34:42,21.03960633333333,105.78278783333333,-0.08,-1.64,-0.53,0.31,-1.6,0.0
18:34:42,21.03960633333333,105.78278783333333,-0.34,-1.56,-0.82,-0.63,-2.85,0.0
18:34:42,21.03960633333333,105.78278783333333,-0.78,-0.46,0.77,-0.5,-1.48,0.0
18:34:43,21.03960633333333,105.78278783333333,-0.43,-0.79,-0.15,0.23,-2.14,0.0
18:34:43,21.0395995,105.78279066666667,-0.81,-1.37,-0.42,0.1,-0.33,0.0
18:34:43,21.0395995,105.78279066666667,-0.73,-2.15,-0.63,0.64,0.02,0.0
18:34:43,21.0395995,105.78279066666667,-0.55,-1.7,0.14,-0.19,0.36,0.0
18:34:43,21.0395995,105.78279066666667,-0.77,-2.43,-0.41,-0.24,2.37,0.0
18:34:43,21.0395995,105.78279066666667,-0.73,-0.36,-0.42,0.07,0.13,0.0
18:34:43,21.0395995,105.78279066666667,-0.07,-1.08,0.31,-0.34,2.43,0.0
18:34:43,21.0395995,105.78279066666667,-0.33,-1.13,0.2,0.18,0.65,0.0
18:34:43,21.0395995,105.78279066666667,-0.21,-1.63,-0.18,0.01,-0.99,0.0
18:34:43,21.0395995,105.78279066666667,-0.33,-1.87,-0.12,-0.01,-0.63,0.0
18:34:44,21.039610333333332,105.78280133333334,0.12,-1.66,2.27,-0.81,0.0,0.0
18:34:44,21.039610333333332,105.78280133333334,-0.57,-0.62,0.42,0.41,-2.85,0.0
18:34:44,21.039610333333332,105.78280133333334,-0.5,-1.18,0.6,0.23,-1.26,0.0
18:34:44,21.039610333333332,105.78280133333334,-0.31,-1.36,-0.13,0.21,-0.83,0.0
18:34:44,21.039610333333332,105.78280133333334,-0.99,-1.7,-0.36,0.51,0.22,0.0
18:34:44,21.039610333333332,105.78280133333334,-0.43,-1.68,-0.41,-0.4,0.11,0.0
18:34:44,21.039610333333332,105.78280133333334,0.02,-1.04,-0.44,0.3,0.6,0.0
18:34:44,21.039610333333332,105.78280133333334,0.08,-1.0,-0.25,-0.18,2.16,0.0
18:34:44,21.039610333333332,105.78280133333334,-0.45,-1.38,-0.89,0.24,-0.14,0.0
18:34:44,21.039610333333332,105.78280133333334,0.06,-1.74,-0.11,-0.51,0.38,0.0
18:34:45,21.0396125,105.78281516666667,-0.26,-2.03,0.3,-0.34,0.94,0.0
18:34:45,21.0396125,105.78281516666667,0.11,-1.99,1.74,-0.29,0.88,0.0
18:34:45,21.0396125,105.78281516666667,-0.89,-1.12,0.84,0.16,-0.86,0.0
18:34:45,21.0396125,105.78281516666667,-0.78,-1.02,0.46,0.33,-1.77,0.0
18:34:45,21.0396125,105.78281516666667,-0.49,-1.65,-0.22,0.25,-0.65,0.0
18:34:45,21.0396125,105.78281516666667,-0.81,-1.83,0.71,-0.47,1.88,0.0
18:34:45,21.0396125,105.78281516666667,-0.43,-1.79,1.94,-1.39,4.23,0.0
18:34:45,21.0396125,105.78281516666667,-0.48,-1.56,0.15,-0.08,1.64,0.0
18:34:45,21.0396125,105.78281516666667,-0.28,-1.27,0.55,-0.34,0.83,0.0
18:34:46,21.0396125,105.78281516666667,0.06,-1.24,-0.57,-0.19,-0.89,0.0
18:34:46,21.039601,105.78282216666666,-0.36,-1.22,-0.59,0.27,-2.21,0.0
18:34:46,21.039601,105.78282216666666,-0.29,-1.2,-1.22,-0.09,-3.43,0.0
18:34:46,21.039601,105.78282216666666,-0.17,-0.41,-0.35,0.45,-3.29,0.0
18:34:46,21.039601,105.78282216666666,-0.53,-1.09,-0.38,0.78,-1.74,0.0
18:34:46,21.039601,105.78282216666666,-0.69,-0.91,-0.98,0.47,-1.79,0.0
18:34:46,21.039601,105.78282216666666,-0.42,-1.54,-0.29,0.48,0.19,0.0
18:34:46,21.039601,105.78282216666666,-0.77,-0.96,0.64,-0.53,0.95,0.0
18:34:46,21.039601,105.78282216666666,0.39,-1.37,1.65,-0.52,3.06,0.0
18:34:46,21.039601,105.78282216666666,-0.39,-1.66,0.61,-0.61,4.31,0.0
18:34:47,21.039601,105.78282216666666,-0.26,-0.92,0.7,0.0,0.38,0.0
18:34:47,21.039604166666667,105.78283833333333,-0.35,-1.2,-0.5,-0.46,-0.92,0.0
18:34:47,21.039604166666667,105.78283833333333,-0.02,-1.71,-0.36,0.37,-0.88,0.0
18:34:47,21.039604166666667,105.78283833333333,-0.63,-1.37,0.04,-0.04,-2.54,0.0
18:34:47,21.039604166666667,105.78283833333333,-1.09,-0.73,0.65,-1.06,0.18,0.0
18:34:47,21.039604166666667,105.78283833333333,-0.41,-0.95,0.92,-0.29,0.33,0.0
18:34:47,21.039604166666667,105.78283833333333,-0.45,-1.56,0.22,0.2,0.72,0.0
18:34:47,21.039604166666667,105.78283833333333,-0.81,-1.62,-0.13,0.58,-0.73,0.0
18:34:47,21.039604166666667,105.78283833333333,-0.88,-1.54,-0.17,0.51,-0.24,0.0
18:34:47,21.039604166666667,105.78283833333333,0.36,-0.92,1.97,-0.73,2.27,0.0
18:34:48,21.039604166666667,105.78283833333333,-0.44,-1.16,0.64,-0.19,1.57,0.0
18:34:48,21.039603,105.7828485,-0.15,-0.99,0.1,-0.27,-0.91,0.0
18:34:48,21.039603,105.7828485,-0.14,-1.62,-0.51,-0.05,-0.45,0.0
18:34:48,21.039603,105.7828485,-0.34,-1.07,-0.44,0.45,-2.17,0.0
18:34:48,21.039603,105.7828485,-0.16,-1.74,0.47,-0.16,-0.02,0.0
18:34:48,21.039603,105.7828485,-0.93,-1.04,0.6,0.23,-0.99,0.0
18:34:48,21.039603,105.7828485,-0.73,-0.96,0.38,-0.02,-1.08,0.0
18:34:48,21.039603,105.7828485,-0.44,-1.13,0.3,-0.43,0.89,0.0
18:34:48,21.039603,105.7828485,-0.74,-1.45,-0.07,0.88,-0.01,0.0
18:34:48,21.039603,105.7828485,-0.5,-1.2,-0.36,0.35,-0.86,0.0
18:34:49,21.039603,105.7828485,-0.02,-0.44,0.89,0.5,-0.87,0.0
18:34:49,21.039588666666667,105.7828585,-0.13,-0.78,0.46,-0.42,0.7,0.0
18:34:49,21.039588666666667,105.7828585,-0.37,-0.65,-0.18,-0.17,-1.71,0.0
18:34:49,21.039588666666667,105.7828585,-0.44,-1.09,-0.15,-0.2,-2.66,0.0
18:34:49,21.039588666666667,105.7828585,-0.67,-0.86,0.21,0.51,-5.4,0.0
18:34:49,21.039588666666667,105.7828585,-1.36,-1.54,-1.88,1.05,-8.42,0.0
18:34:49,21.039588666666667,105.7828585,-1.02,-0.14,1.16,0.25,-10.6,0.0
18:34:49,21.039588666666667,105.7828585,-1.5,-1.0,0.5,0.59,-9.0,0.0
18:34:49,21.039588666666667,105.7828585,-1.27,-0.46,0.96,0.49,-9.63,0.0
18:34:49,21.039588666666667,105.7828585,-1.16,-0.41,0.92,-0.24,-9.67,0.0
18:34:50,21.039588666666667,105.7828585,-1.16,-0.97,0.56,0.08,-8.41,0.0
18:34:50,21.039590333333333,105.78287016666667,-1.2,-1.1,0.3,0.05,-9.67,0.0
18:34:50,21.039590333333333,105.78287016666667,-1.26,-1.65,-0.83,-0.83,-6.39,0.0
18:34:50,21.039590333333333,105.78287016666667,-0.81,-1.87,-0.31,-0.52,-5.62,0.0
18:34:50,21.039590333333333,105.78287016666667,-0.31,-1.68,-1.07,-0.36,-3.84,0.0
18:34:50,21.039590333333333,105.78287016666667,-0.17,-1.56,-1.18,0.24,-4.54,0.0
18:34:50,21.039590333333333,105.78287016666667,0.08,-2.11,-1.32,0.41,-1.85,0.0
18:34:50,21.039590333333333,105.78287016666667,0.04,-1.95,-0.7,0.72,-2.98,0.0
18:34:50,21.039590333333333,105.78287016666667,0.19,-1.96,-0.98,0.46,-1.91,0.0
18:34:50,21.039590333333333,105.78287016666667,-0.38,-1.36,0.0,-0.06,-2.64,0.0
18:34:51,21.039590333333333,105.78287016666667,-0.37,-1.64,-0.53,-1.93,-0.7,0.0
18:34:51,21.039601833333332,105.78289566666666,-0.93,-1.7,0.67,-0.69,-3.1,0.0
18:34:51,21.039601833333332,105.78289566666666,-0.78,-1.62,0.54,-0.46,-2.96,0.0
18:34:51,21.039601833333332,105.78289566666666,-0.84,-1.52,0.22,0.7,-2.43,0.0
18:34:51,21.039601833333332,105.78289566666666,-0.75,-2.06,0.39,0.12,-0.72,0.0
18:34:51,21.039601833333332,105.78289566666666,-0.74,-2.1,-0.45,1.13,0.64,0.0
18:34:51,21.039601833333332,105.78289566666666,-0.47,-0.89,0.66,-0.19,0.53,0.0
18:34:51,21.039601833333332,105.78289566666666,-0.26,-0.84,-0.56,0.14,1.39,0.0
18:34:51,21.039601833333332,105.78289566666666,0.12,-0.5,-0.79,0.73,0.07,0.0
18:34:51,21.039601833333332,105.78289566666666,-0.1,-1.46,-0.46,0.02,0.99,0.0
18:34:52,21.039601833333332,105.78289566666666,-0.62,-1.36,0.32,0.2,-1.82,0.0
18:34:52,21.039604833333332,105.78291,-0.05,-1.98,-0.57,0.47,-0.37,0.0
18:34:52,21.039604833333332,105.78291,-0.75,-0.47,0.65,-0.09,-3.82,0.0
18:34:52,21.039604833333332,105.78291,-0.6,-0.99,0.03,-0.25,-1.37,0.0
18:34:52,21.039604833333332,105.78291,-0.48,-1.15,0.16,0.36,-1.05,0.0
18:34:52,21.039604833333332,105.78291,-0.34,-1.65,0.36,-0.3,0.01,0.0
18:34:52,21.039604833333332,105.78291,-0.22,-1.83,-0.8,0.25,2.08,0.0
18:34:52,21.039604833333332,105.78291,0.39,-0.9,0.36,-0.39,2.03,0.0
18:34:52,21.039604833333332,105.78291,-0.31,-0.82,-0.57,-0.79,1.69,0.0
18:34:52,21.039604833333332,105.78291,0.07,-0.9,-0.14,-0.07,-0.67,0.0
18:34:53,21.039604833333332,105.78291,0.08,-1.71,-0.49,0.32,0.14,0.0
18:34:53,21.039598333333334,105.782914,-0.07,-1.61,-0.19,0.04,-1.5,0.0
18:34:53,21.039598333333334,105.782914,-0.22,-1.96,-0.45,-0.89,-1.22,0.0
18:34:53,21.039598333333334,105.782914,-0.43,-1.18,0.08,0.19,-0.77,0.0
18:34:53,21.039598333333334,105.782914,-0.61,-0.81,-0.31,-0.85,-0.96,0.0
18:34:53,21.039598333333334,105.782914,-0.27,-1.49,0.42,0.6,-1.3,0.0
18:34:53,21.039598333333334,105.782914,-0.44,-1.92,0.58,-0.36,-0.22,0.0
18:34:53,21.039598333333334,105.782914,-0.19,-1.75,0.43,-0.0,-0.37,0.0
18:34:53,21.039598333333334,105.782914,1.06,-1.23,0.02,-1.0,1.01,0.0
18:34:53,21.039598333333334,105.782914,0.25,-1.18,-0.5,-0.66,1.75,0.0
18:34:54,21.039598333333334,105.782914,0.3,-0.9,-0.16,0.22,-0.53,0.0
18:34:54,21.039594166666667,105.78291283333333,0.17,-1.8,-0.27,0.99,0.76,0.0
18:34:54,21.039594166666667,105.78291283333333,-0.11,-1.69,-0.05,0.47,-0.96,0.0
18:34:54,21.039594166666667,105.78291283333333,-0.17,-2.29,0.44,-0.55,-1.83,0.0
18:34:54,21.039594166666667,105.78291283333333,-0.49,-1.36,-0.08,-0.14,-1.72,0.0
18:34:54,21.039594166666667,105.78291283333333,-0.35,-1.22,-0.14,-0.66,-1.02,0.0
18:34:54,21.039594166666667,105.78291283333333,-0.14,-1.65,0.21,0.32,-0.04,0.0
18:34:54,21.039594166666667,105.78291283333333,-0.94,-1.57,0.54,0.23,-0.15,0.0
18:34:54,21.039594166666667,105.78291283333333,-0.09,-1.52,0.29,0.88,-1.3,0.0
18:34:54,21.039594166666667,105.78291283333333,0.78,-1.18,0.69,-0.33,0.76,0.0
18:34:55,21.0395885,105.78292066666667,0.38,-0.53,-0.33,0.52,-0.07,0.0
18:34:55,21.0395885,105.78292066666667,0.26,-0.32,-0.22,0.72,-1.12,0.0
18:34:55,21.0395885,105.78292066666667,0.12,-1.52,0.09,0.91,-0.33,0.0
18:34:55,21.0395885,105.78292066666667,-0.22,-1.45,0.15,0.41,-1.85,0.0
18:34:55,21.0395885,105.78292066666667,-0.12,-1.79,0.11,0.17,-1.46,0.0
18:34:55,21.0395885,105.78292066666667,-0.48,-1.14,-0.16,0.72,-1.86,0.0
18:34:55,21.0395885,105.78292066666667,-0.56,-1.13,-0.14,-0.48,-0.77,0.0
18:34:55,21.0395885,105.78292066666667,-0.48,-1.49,0.14,0.17,-0.48,0.0
18:34:55,21.0395885,105.78292066666667,-0.43,-1.68,0.39,-0.14,0.29,0.0
18:34:55,21.0395885,105.78292066666667,-0.33,-1.57,0.55,0.1,0.12,0.0
18:34:56,21.039570333333334,105.7829265,-0.06,-1.32,-1.44,-1.7,2.59,0.0
18:34:56,21.039570333333334,105.7829265,0.15,-1.1,-0.71,-0.34,1.91,0.0
18:34:56,21.039570333333334,105.7829265,0.04,-1.01,-0.02,0.44,-0.55,0.0
18:34:56,21.039570333333334,105.7829265,-0.32,-1.47,-0.08,0.48,-0.81,0.0
18:34:56,21.039570333333334,105.7829265,0.06,-1.46,0.36,0.47,-1.87,0.0
18:34:56,21.039570333333334,105.7829265,-0.14,-1.65,-0.19,1.06,-1.73,0.0
18:34:56,21.039570333333334,105.7829265,-0.79,0.08,0.39,-0.62,-3.08,0.0
18:34:56,21.039570333333334,105.7829265,-0.77,-0.54,0.21,0.3,-2.11,0.0
18:34:56,21.039570333333334,105.7829265,-0.66,-1.11,0.38,0.84,-1.3,0.0
18:34:56,21.039570333333334,105.7829265,-0.33,-1.56,-0.02,0.32,0.11,0.0
18:34:57,21.0395385,105.782925,-0.74,-1.84,0.22,-0.5,1.69,0.0
18:34:57,21.0395385,105.782925,-0.24,-1.83,-1.69,-1.23,3.62,0.0
18:34:57,21.0395385,105.782925,-0.13,-0.86,-0.6,-1.0,1.91,0.0
18:34:57,21.0395385,105.782925,-0.05,-0.78,-0.05,0.14,-0.61,0.0
18:34:57,21.0395385,105.782925,-0.06,-1.6,-0.32,0.79,-0.33,0.0
18:34:57,21.0395385,105.782925,-0.11,-1.58,-0.27,0.2,-1.34,0.0
18:34:57,21.0395385,105.782925,-0.28,-2.47,-1.93,-1.4,2.34,0.0
18:34:57,21.0395385,105.782925,-0.8,-0.56,0.52,-0.82,-2.43,0.0
18:34:57,21.0395385,105.782925,-0.87,-1.44,0.14,-0.38,-0.35,0.0
18:34:58,21.0395385,105.782925,-0.57,-1.55,-0.11,-0.26,0.13,0.0
18:34:58,21.039518833333332,105.78293033333334,-0.91,-1.78,1.12,0.38,0.18,0.0
18:34:58,21.039518833333332,105.78293033333334,-0.83,-1.93,-0.7,0.65,2.17,0.0
18:34:58,21.039518833333332,105.78293033333334,-0.16,-0.13,0.14,0.11,-2.46,0.0
18:34:58,21.039518833333332,105.78293033333334,-0.39,-1.57,-0.84,-0.04,1.77,0.0
18:34:58,21.039518833333332,105.78293033333334,0.79,-0.97,-0.72,0.07,0.7,0.0
18:34:58,21.039518833333332,105.78293033333334,0.34,-1.42,-0.13,-0.06,0.02,0.0
18:34:58,21.039518833333332,105.78293033333334,-0.45,-1.32,-0.39,0.19,-1.46,0.0
18:34:58,21.039518833333332,105.78293033333334,-0.33,-1.86,0.29,-1.78,-0.37,0.0
18:34:58,21.039518833333332,105.78293033333334,-0.46,-1.34,0.59,-0.62,-0.94,0.0
18:34:59,21.039518833333332,105.78293033333334,-0.47,-0.91,-0.03,-0.39,-1.4,0.0
18:34:59,21.039494,105.78291983333334,-0.32,-1.48,0.51,0.77,-0.97,0.0
18:34:59,21.039494,105.78291983333334,-1.01,-1.76,0.6,0.06,0.3,0.0
18:34:59,21.039494,105.78291983333334,-0.55,-1.95,0.46,0.6,-0.15,0.0
18:34:59,21.039494,105.78291983333334,-0.73,-1.24,0.24,0.49,-0.02,0.0
18:34:59,21.039494,105.78291983333334,0.28,-0.93,-0.55,-0.24,0.47,0.0
18:34:59,21.039494,105.78291983333334,-0.31,-1.54,0.24,1.12,-0.37,0.0
18:34:59,21.039494,105.78291983333334,0.0,-1.59,-0.27,0.22,-1.11,0.0
18:34:59,21.039494,105.78291983333334,-0.5,-1.84,0.32,0.13,-2.83,0.0
18:34:59,21.039494,105.78291983333334,-0.18,-1.57,0.55,-1.3,-2.11,0.0
18:35:00,21.039494,105.78291983333334,-0.38,-0.5,0.06,-0.41,-2.94,0.0
18:35:00,21.0394845,105.78291033333333,-0.3,-0.84,0.79,0.47,-3.16,0.0
18:35:00,21.0394845,105.78291033333333,-0.4,-1.6,0.35,0.91,-0.75,0.0
18:35:00,21.0394845,105.78291033333333,-0.65,-1.8,0.23,0.19,1.27,0.0
18:35:00,21.0394845,105.78291033333333,-0.5,-2.06,-0.49,0.42,1.26,0.0
18:35:00,21.0394845,105.78291033333333,-0.29,-1.69,0.29,0.49,2.29,0.0
18:35:00,21.0394845,105.78291033333333,0.68,-0.95,-0.16,1.13,0.4,0.0
18:35:00,21.0394845,105.78291033333333,-0.3,-1.68,0.01,-0.04,2.56,0.0
18:35:00,21.0394845,105.78291033333333,-0.07,-1.46,0.06,0.11,-0.16,0.0
18:35:00,21.0394845,105.78291033333333,-0.14,-1.43,-0.32,0.18,-1.66,0.0
18:35:01,21.0394845,105.78291033333333,-0.26,-0.51,0.03,-0.03,-1.7,0.0
18:35:01,21.0394725,105.78291566666667,-0.4,-0.85,-0.13,-0.17,-0.07,0.0
18:35:01,21.0394725,105.78291566666667,-0.6,-1.48,0.6,0.58,0.1,0.0
18:35:01,21.0394725,105.78291566666667,-0.37,-1.73,0.39,-0.65,0.58,0.0
18:35:01,21.0394725,105.78291566666667,-0.44,-1.84,-0.27,-0.21,1.27,0.0
18:35:01,21.0394725,105.78291566666667,0.58,-1.08,-0.28,-2.33,1.88,0.0
18:35:01,21.0394725,105.78291566666667,-0.26,-1.48,-0.3,-0.27,2.08,0.0
18:35:01,21.0394725,105.78291566666667,0.13,-1.1,0.07,-0.69,-0.17,0.0
18:35:01,21.0394725,105.78291566666667,-0.19,-1.37,-0.06,-0.63,-1.73,0.0
18:35:01,21.0394725,105.78291566666667,-0.79,-1.07,-0.19,-1.41,-5.95,0.0
18:35:02,21.0394725,105.78291566666667,-1.35,-1.89,0.85,-0.39,-8.68,0.0
18:35:02,21.039478166666665,105.78291983333334,-0.72,-1.1,-0.76,-2.43,-8.35,0.0
18:35:02,21.039478166666665,105.78291983333334,-0.56,0.13,-0.68,-2.05,-10.41,0.0
18:35:02,21.039478166666665,105.78291983333334,-0.92,-0.95,0.08,-0.9,-9.49,0.0
18:35:02,21.039478166666665,105.78291983333334,-1.02,-0.86,-0.63,-0.73,-10.4,0.0
18:35:02,21.039478166666665,105.78291983333334,-1.12,-1.07,-0.22,0.12,-10.48,0.0
18:35:02,21.039478166666665,105.78291983333334,-0.86,-1.34,-0.75,-0.1,-8.28,0.0
18:35:02,21.039478166666665,105.78291983333334,-0.61,-1.04,-0.49,0.66,-7.67,0.0
18:35:02,21.039478166666665,105.78291983333334,-0.61,-1.32,0.86,1.27,-5.52,0.0
18:35:02,21.039478166666665,105.78291983333334,0.12,-0.95,-0.47,1.14,-3.58,0.0
18:35:03,21.039478166666665,105.78291983333334,0.28,-1.72,0.68,0.98,-1.84,0.0
18:35:03,21.03948533333333,105.78292466666667,0.39,-1.51,0.61,0.88,-2.4,0.0
18:35:03,21.03948533333333,105.78292466666667,0.3,-1.97,0.5,0.65,-1.41,0.0
18:35:03,21.03948533333333,105.78292466666667,0.88,-2.0,0.87,0.82,-2.33,0.0
18:35:03,21.03948533333333,105.78292466666667,0.37,-1.88,-0.33,0.51,-1.14,0.0
18:35:03,21.03948533333333,105.78292466666667,-0.05,-3.16,0.37,0.77,0.11,0.0
18:35:03,21.03948533333333,105.78292466666667,-0.96,-1.57,-0.68,-1.12,-1.95,0.0
18:35:03,21.03948533333333,105.78292466666667,-0.87,-0.65,-0.68,0.03,-1.83,0.0
18:35:03,21.03948533333333,105.78292466666667,-0.77,-1.25,0.03,0.02,-1.28,0.0
18:35:03,21.03948533333333,105.78292466666667,-0.62,-1.43,-0.29,-0.17,1.13,0.0
18:35:04,21.03948533333333,105.78292466666667,-0.44,-1.87,0.33,-0.07,0.41,0.0
18:35:04,21.039479,105.78292166666667,-0.06,-0.95,0.37,-0.09,-0.4,0.0
18:35:04,21.039479,105.78292166666667,0.32,-0.46,-0.35,0.93,-0.07,0.0
18:35:04,21.039479,105.78292166666667,0.11,-1.54,0.36,0.21,0.87,0.0
18:35:04,21.039479,105.78292166666667,0.37,-1.47,0.01,1.23,0.31,0.0
18:35:04,21.039479,105.78292166666667,-0.42,-2.45,0.09,0.34,0.05,0.0
18:35:04,21.039479,105.78292166666667,0.03,-1.94,-0.47,0.87,-1.51,0.0
18:35:04,21.039479,105.78292166666667,-1.12,-1.17,0.11,-0.64,-1.75,0.0
18:35:04,21.039479,105.78292166666667,-0.79,-0.84,-0.77,0.3,-0.59,0.0
18:35:04,21.039479,105.78292166666667,-0.73,-1.29,-0.49,0.1,-0.63,0.0
18:35:05,21.039479,105.78292166666667,-0.6,-1.51,-0.37,-0.47,-0.35,0.0
18:35:05,21.039464333333335,105.78292666666667,-0.74,-1.49,0.35,-0.22,-0.73,0.0
18:35:05,21.039464333333335,105.78292666666667,0.58,-0.89,-1.83,0.31,0.95,0.0
18:35:05,21.039464333333335,105.78292666666667,0.1,-0.96,-0.17,0.62,0.03,0.0
18:35:05,21.039464333333335,105.78292666666667,0.37,-0.93,-0.07,0.62,-0.72,0.0
18:35:05,21.039464333333335,105.78292666666667,0.25,-1.59,0.49,0.36,0.15,0.0
18:35:05,21.039464333333335,105.78292666666667,-0.23,-1.36,0.36,-0.03,-1.94,0.0
18:35:05,21.039464333333335,105.78292666666667,-0.39,-1.33,-1.22,1.31,-0.08,0.0
18:35:05,21.039464333333335,105.78292666666667,-0.73,-1.63,-1.07,-0.03,0.16,0.0
18:35:05,21.039464333333335,105.78292666666667,-0.19,-0.94,-0.66,-0.01,-1.52,0.0
18:35:06,21.039464333333335,105.78292666666667,-0.44,-1.38,-0.13,0.15,0.17,0.0
18:35:06,21.039463166666668,105.78292733333333,-0.37,-1.27,-0.51,-0.79,-0.58,0.0
18:35:06,21.039463166666668,105.78292733333333,-0.44,-1.42,0.8,-0.26,0.11,0.0
18:35:06,21.039463166666668,105.78292733333333,0.76,-0.06,-1.46,-0.28,0.87,0.0
18:35:06,21.039463166666668,105.78292733333333,0.02,-1.0,0.28,0.05,1.03,0.0
18:35:06,21.039463166666668,105.78292733333333,-0.08,-1.01,0.58,-0.08,-0.68,0.0
18:35:06,21.039463166666668,105.78292733333333,0.22,-1.73,-0.03,0.49,-0.08,0.0
18:35:06,21.039463166666668,105.78292733333333,-0.2,-1.82,-0.19,0.27,-0.82,0.0
18:35:06,21.039463166666668,105.78292733333333,0.11,-1.15,-1.83,0.6,-2.01,0.0
18:35:06,21.039463166666668,105.78292733333333,-0.78,-1.18,0.06,-0.26,-2.54,0.0
18:35:07,21.039455,105.78292,-0.3,-0.91,-0.32,0.05,-2.08,0.0
18:35:07,21.039455,105.78292,-0.14,-1.65,0.55,-0.21,-0.15,0.0
18:35:07,21.039455,105.78292,-0.77,-1.45,0.19,-0.61,0.46,0.0
18:35:07,21.039455,105.78292,-0.11,-1.81,0.98,0.67,1.43,0.0
18:35:07,21.039455,105.78292,-0.2,-0.4,0.1,-0.17,0.6,0.0
18:35:07,21.039455,105.78292,0.04,-0.91,-0.19,0.46,1.0,0.0
18:35:07,21.039455,105.78292,0.28,-1.2,0.56,0.24,-0.15,0.0
18:35:07,21.039455,105.78292,0.31,-1.76,0.02,0.24,-0.04,0.0
18:35:07,21.039455,105.78292,-0.27,-1.76,0.03,-0.18,-1.22,0.0
18:35:07,21.039455,105.78292,-0.0,-1.93,-1.03,-0.59,-0.51,0.0
18:35:08,21.0394605,105.78291383333334,-0.08,-0.72,-0.19,-0.46,-1.57,0.0
18:35:08,21.0394605,105.78291383333334,-0.54,-0.55,0.52,-0.47,-2.99,0.0
18:35:08,21.0394605,105.78291383333334,-0.28,-1.96,0.46,-0.28,0.34,0.0
18:35:08,21.0394605,105.78291383333334,-0.62,-1.66,-0.44,0.22,2.04,0.0
18:35:08,21.0394605,105.78291383333334,-0.14,-2.17,0.78,0.01,1.05,0.0
18:35:08,21.0394605,105.78291383333334,-0.23,-1.09,0.8,-0.17,-0.07,0.0
18:35:08,21.0394605,105.78291383333334,0.35,-1.25,0.18,0.28,1.57,0.0
18:35:08,21.0394605,105.78291383333334,0.13,-1.37,0.83,0.08,0.4,0.0
18:35:08,21.0394605,105.78291383333334,0.08,-1.57,0.23,-0.1,-0.6,0.0
18:35:09,21.0394605,105.78291383333334,-0.23,-1.9,0.21,-0.52,-1.76,0.0
18:35:09,21.039464166666665,105.78289666666667,-0.32,-1.43,-2.3,0.25,-1.29,0.0
18:35:09,21.039464166666665,105.78289666666667,-0.13,-1.33,0.01,-0.59,-3.34,0.0
18:35:09,21.039464166666665,105.78289666666667,-0.27,-1.3,0.24,-0.34,-2.01,0.0
18:35:09,21.039464166666665,105.78289666666667,-0.38,-1.52,0.26,-0.36,-0.95,0.0
18:35:09,21.039464166666665,105.78289666666667,-0.52,-1.9,-0.14,0.16,2.45,0.0
18:35:09,21.039464166666665,105.78289666666667,-0.23,-2.16,-0.39,0.82,3.58,0.0
18:35:09,21.039464166666665,105.78289666666667,-0.72,-1.85,-0.92,0.37,3.07,0.0
18:35:09,21.039464166666665,105.78289666666667,0.4,-1.14,-0.72,0.37,1.09,0.0
18:35:09,21.039464166666665,105.78289666666667,0.1,-1.75,-0.02,0.19,-0.13,0.0
18:35:10,21.039464166666665,105.78289666666667,0.4,-1.75,-0.06,0.44,-1.76,0.0
18:35:10,21.039464166666665,105.78288416666666,0.21,-2.1,0.15,0.15,-0.1,0.0
18:35:10,21.039464166666665,105.78288416666666,0.18,-0.98,-0.88,0.16,-0.39,0.0
18:35:10,21.039464166666665,105.78288416666666,-0.15,-1.17,-0.6,-0.12,-0.03,0.0
18:35:10,21.039464166666665,105.78288416666666,-0.23,-1.59,0.26,-0.35,0.9,0.0
18:35:10,21.039464166666665,105.78288416666666,-0.05,-1.84,-0.55,-0.37,0.3,0.0
18:35:10,21.039464166666665,105.78288416666666,-0.34,-1.88,0.41,-0.16,0.56,0.0
18:35:10,21.039464166666665,105.78288416666666,-0.18,-2.16,-0.73,1.05,2.04,0.0
18:35:10,21.039464166666665,105.78288416666666,0.07,-1.56,-0.3,0.55,2.21,0.0
18:35:10,21.039464166666665,105.78288416666666,0.43,-1.35,-1.13,0.38,2.28,0.0
18:35:11,21.039464166666665,105.78288416666666,0.01,-1.7,0.19,0.04,0.54,0.0
18:35:11,21.039477333333334,105.78288083333334,0.27,-1.34,-0.04,0.18,-2.04,0.0
18:35:11,21.039477333333334,105.78288083333334,0.23,-1.77,0.61,0.39,-2.43,0.0
18:35:11,21.039477333333334,105.78288083333334,-0.26,-1.59,0.22,0.03,-0.88,0.0
18:35:11,21.039477333333334,105.78288083333334,-0.26,-1.3,-0.43,-0.4,-1.23,0.0
18:35:11,21.039477333333334,105.78288083333334,-0.16,-1.15,0.71,-0.46,-1.27,0.0
18:35:11,21.039477333333334,105.78288083333334,-0.18,-2.02,-0.09,-0.64,0.17,0.0
18:35:11,21.039477333333334,105.78288083333334,-0.43,-1.86,0.3,-0.07,0.27,0.0
18:35:11,21.039477333333334,105.78288083333334,0.13,-2.87,-1.99,1.66,4.85,0.0
18:35:11,21.039477333333334,105.78288083333334,0.2,-1.35,0.38,-0.39,0.75,0.0
18:35:12,21.039477333333334,105.78288083333334,0.29,-1.03,-0.89,0.84,1.37,0.0
18:35:12,21.039489666666668,105.78286516666667,0.47,-1.09,0.7,0.41,-1.46,0.0
18:35:12,21.039489666666668,105.78286516666667,0.26,-1.5,0.33,-0.13,-1.71,0.0
18:35:12,21.039489666666668,105.78286516666667,-0.02,-1.76,0.46,-0.07,-1.46,0.0
18:35:12,21.039489666666668,105.78286516666667,-0.03,-0.39,0.13,-0.78,-3.11,0.0
18:35:12,21.039489666666668,105.78286516666667,-0.62,-1.16,0.17,-0.03,-0.68,0.0
18:35:12,21.039489666666668,105.78286516666667,-0.32,-1.13,0.37,-0.43,-0.07,0.0
18:35:12,21.039489666666668,105.78286516666667,-0.3,-1.3,-0.4,-0.41,0.07,0.0
18:35:12,21.039489666666668,105.78286516666667,-0.57,-1.66,-0.17,-0.06,1.69,0.0
18:35:12,21.039489666666668,105.78286516666667,0.57,-1.24,-2.09,0.86,2.6,0.0
18:35:13,21.039489666666668,105.78286516666667,-0.23,-1.61,0.06,0.16,0.41,0.0
18:35:13,21.039490833333332,105.78284066666667,0.25,-0.68,0.86,0.72,-1.96,0.0
18:35:13,21.039490833333332,105.78284066666667,0.53,-1.75,0.66,0.89,0.57,0.0
18:35:13,21.039490833333332,105.78284066666667,-0.13,-2.01,0.4,-0.35,-1.21,0.0
18:35:13,21.039490833333332,105.78284066666667,0.26,-2.01,-0.6,0.54,-0.53,0.0
18:35:13,21.039490833333332,105.78284066666667,-0.23,-1.07,-0.64,0.12,-0.01,0.0
18:35:13,21.039490833333332,105.78284066666667,-0.34,-1.14,-0.83,-0.06,-0.53,0.0
18:35:13,21.039490833333332,105.78284066666667,-0.28,-1.65,0.32,-0.38,-0.43,0.0
18:35:13,21.039490833333332,105.78284066666667,-0.46,-1.81,-0.05,-0.51,-0.21,0.0
18:35:13,21.039490833333332,105.78284066666667,-0.43,-1.7,0.78,-0.85,-0.75,0.0
18:35:14,21.039490833333332,105.78284066666667,0.41,-0.55,-0.03,-0.24,-1.69,0.0
18:35:14,21.039500333333333,105.782812,0.31,-1.38,0.03,0.62,0.98,0.0
18:35:14,21.039500333333333,105.782812,0.28,-1.06,0.54,0.09,-0.34,0.0
18:35:14,21.039500333333333,105.782812,0.07,-1.64,0.18,0.23,0.33,0.0
18:35:14,21.039500333333333,105.782812,-0.28,-1.94,0.35,0.21,-1.34,0.0
18:35:14,21.039500333333333,105.782812,0.08,-2.13,-0.88,0.45,-0.39,0.0
18:35:14,21.039500333333333,105.782812,-0.1,-1.27,-1.02,-0.36,-0.85,0.0
18:35:14,21.039500333333333,105.782812,-0.3,-0.84,-0.72,0.09,-0.98,0.0
18:35:14,21.039500333333333,105.782812,-0.18,-1.85,0.17,-0.5,0.0,0.0
18:35:14,21.039500333333333,105.782812,-0.43,-1.64,0.04,-0.53,0.02,0.0
18:35:15,21.039500333333333,105.782812,-0.34,-1.97,0.95,-0.66,0.19,0.0
18:35:15,21.039521166666667,105.78278416666667,0.57,-0.28,-0.59,-0.01,-1.11,0.0
18:35:15,21.039521166666667,105.78278416666667,-0.11,-1.58,0.48,-0.16,0.98,0.0
18:35:15,21.039521166666667,105.78278416666667,0.17,-1.04,0.62,0.25,-0.41,0.0
18:35:15,21.039521166666667,105.78278416666667,0.03,-2.06,0.29,0.24,-0.34,0.0
18:35:15,21.039521166666667,105.78278416666667,-0.33,-2.12,0.46,-0.14,-1.79,0.0
18:35:15,21.039521166666667,105.78278416666667,0.01,-2.58,-1.54,1.24,1.66,0.0
18:35:15,21.039521166666667,105.78278416666667,-0.7,-1.64,-0.86,-0.53,-1.69,0.0
18:35:15,21.039521166666667,105.78278416666667,-0.05,-1.32,-0.75,-0.04,-1.66,0.0
18:35:15,21.039521166666667,105.78278416666667,-0.48,-1.99,-0.19,-0.61,-0.06,0.0
18:35:16,21.039521166666667,105.78278416666667,-0.64,-1.66,0.14,-0.57,-0.55,0.0
18:35:16,21.039537,105.78275683333334,-0.31,-2.26,0.8,-0.09,1.87,0.0
18:35:16,21.039537,105.78275683333334,0.39,-0.74,0.57,-0.8,-0.55,0.0
18:35:16,21.039537,105.78275683333334,0.03,-1.35,-0.09,0.74,2.08,0.0
18:35:16,21.039537,105.78275683333334,0.31,-0.73,0.19,0.32,-0.28,0.0
18:35:16,21.039537,105.78275683333334,0.25,-1.48,0.18,0.26,-0.63,0.0
18:35:16,21.039537,105.78275683333334,0.02,-2.07,-0.1,-0.01,-1.33,0.0
18:35:16,21.039537,105.78275683333334,-0.04,-2.64,-0.19,0.02,-0.79,0.0
18:35:16,21.039537,105.78275683333334,-0.32,-1.21,-0.58,-0.23,-1.67,0.0
18:35:16,21.039537,105.78275683333334,0.01,-0.99,0.1,-0.36,-1.69,0.0
18:35:17,21.039537,105.78275683333334,-0.28,-1.6,0.11,-0.32,-0.28,0.0
18:35:17,21.039537,105.78275683333334,-0.28,-1.6,0.11,-0.32,-0.28,0.0
18:35:17,21.039537,105.78275683333334,-0.28,-1.6,0.11,-0.32,-0.28,0.0
18:35:17,21.039537,105.78275683333334,-0.28,-1.6,0.11,-0.32,-0.28,0.0
18:35:17,21.039537,105.78275683333334,-0.28,-1.6,0.11,-0.32,-0.28,0.0
18:35:17,21.039537,105.78275683333334,-0.28,-1.6,0.11,-0.32,-0.28,0.0
18:35:17,21.039537,105.78275683333334,-0.28,-1.6,0.11,-0.32,-0.28,0.0
18:35:17,21.039537,105.78275683333334,-0.28,-1.6,0.11,-0.32,-0.28,0.0
18:35:17,21.039537,105.78275683333334,-0.28,-1.6,0.11,-0.32,-0.28,0.0
18:35:17,21.039537,105.78275683333334,-0.28,-1.6,0.11,-0.32,-0.28,0.0
18:35:18,21.039537,105.78275683333334,-0.28,-1.6,0.11,-0.32,-0.28,0.0
18:35:18,21.039537,105.78275683333334,-0.28,-1.6,0.11,-0.32,-0.28,0.0
18:35:18,21.039537,105.78275683333334,-0.28,-1.6,0.11,-0.32,-0.28,0.0
18:35:18,21.039537,105.78275683333334,-0.28,-1.6,0.11,-0.32,-0.28,0.0
